City_ID,City,Country,Lat,Lng,Max Temp,Humidity,Cloudiness,Wind Speed,Current Description
0,Longyearbyen,SJ,78.2186,15.6401,6.64,66,75,9.22,broken clouds
1,Salalah,OM,17.0151,54.0924,73.49,35,0,6.91,clear sky
2,Rikitea,PF,-23.1203,-134.9692,76.44,73,0,17.34,clear sky
3,Punta Arenas,CL,-53.15,-70.9167,51.91,50,0,13.8,clear sky
4,Upernavik,GL,72.7868,-56.1549,26.78,96,100,9.44,snow
5,Hobart,AU,-42.8794,147.3294,87.03,57,20,1.01,few clouds
6,Bon Air,US,37.5249,-77.5578,51.48,65,1,0.0,clear sky
7,Barrow,US,71.2906,-156.7887,-12.98,70,90,11.5,haze
8,Mampong,GH,7.0627,-1.4001,72.75,77,88,5.41,overcast clouds
9,Inhambane,MZ,-23.865,35.3833,72.61,86,37,10.92,scattered clouds
10,Tonantins,BR,-2.8731,-67.8022,73.58,99,96,2.66,overcast clouds
11,Vaini,TO,-21.2,-175.2,86.16,79,20,11.5,few clouds
12,Arraial Do Cabo,BR,-22.9661,-42.0278,73.51,89,2,8.37,clear sky
13,Saldanha,ZA,-33.0117,17.9442,60.94,75,89,22.1,overcast clouds
14,Lodingen,NO,68.414,15.9951,31.33,87,100,23.0,light snow
15,Solnechnyy,RU,50.7214,136.6319,11.79,75,100,7.9,overcast clouds
16,Bluff,NZ,-46.6,168.3333,69.8,71,43,7.63,scattered clouds
17,Tchollire,CM,8.4022,14.1698,74.26,27,44,2.04,scattered clouds
18,Atuona,PF,-9.8,-139.0333,78.58,79,57,21.27,light rain
19,Fallon,US,39.4735,-118.7774,57.92,37,20,9.22,few clouds
20,Sharanga,RU,57.1775,46.5396,25.68,92,89,10.49,light snow
21,Ponta Do Sol,PT,32.6667,-17.1,65.71,68,24,6.6,few clouds
22,San Cristobal,VE,7.7669,-72.225,71.78,94,26,2.55,scattered clouds
23,Qaanaaq,GL,77.484,-69.3632,4.8,76,15,6.15,few clouds
24,Verkh-Usugli,RU,52.7,115.1667,7.0,61,3,7.96,clear sky
25,Guerrero Negro,MX,27.9769,-114.0611,69.62,59,0,9.75,clear sky
26,Charters Towers,AU,-20.1,146.2667,88.32,39,1,6.78,clear sky
27,Bilibino,RU,68.0546,166.4372,-29.29,100,94,3.06,overcast clouds
28,Kapiri Mposhi,ZM,-13.9652,28.6809,68.7,49,7,5.75,clear sky
29,Chokurdakh,RU,70.6333,147.9167,-31.52,100,99,7.92,overcast clouds
30,Severo-Kurilsk,RU,50.6789,156.125,42.03,91,100,20.85,moderate rain
31,Albany,US,42.6001,-73.9662,34.52,80,99,2.46,overcast clouds
32,Severobaykalsk,RU,55.65,109.3167,0.97,80,80,9.55,broken clouds
33,Pimentel,PE,-6.8367,-79.9342,66.04,84,71,12.59,broken clouds
34,Catanduva,BR,-21.1378,-48.9728,76.87,53,8,1.14,clear sky
35,Sibu,MY,2.3,111.8167,77.05,89,76,2.01,broken clouds
36,Carnarvon,AU,-24.8667,113.6333,71.67,60,0,27.63,clear sky
37,Ushuaia,AR,-54.8,-68.3,45.86,78,77,2.75,light rain
38,Avarua,CK,-21.2078,-159.775,82.45,78,20,16.11,light rain
39,Gushikawa,JP,26.3544,127.8686,63.63,63,91,13.71,overcast clouds
40,Khatanga,RU,71.9667,102.5,-37.7,100,96,1.97,overcast clouds
41,Arlit,NE,18.7369,7.3853,69.08,19,66,6.04,broken clouds
42,Maningrida,AU,-12.0667,134.2667,90.39,57,75,2.75,broken clouds
43,Mataura,NZ,-46.1927,168.8643,69.48,37,52,0.85,light rain
44,Jamestown,US,42.097,-79.2353,40.32,77,90,1.99,overcast clouds
45,Ribeira Grande,PT,38.5167,-28.7,64.56,80,64,7.07,broken clouds
46,Bambous Virieux,MU,-20.3428,57.7575,74.21,77,23,12.35,few clouds
47,Gasa,PS,31.5,34.4667,64.18,55,83,14.72,broken clouds
48,Ushtobe,KZ,45.2514,77.9838,34.36,55,65,1.74,broken clouds
49,Pacific Grove,US,36.6177,-121.9166,78.91,37,1,0.0,clear sky
50,East London,ZA,-33.0153,27.9116,69.21,92,95,5.5,light rain
51,Baglung,NP,28.2719,83.5898,59.68,62,100,2.44,overcast clouds
52,Guarapari,BR,-20.6667,-40.4975,76.89,95,17,5.35,few clouds
53,Kaitangata,NZ,-46.2817,169.8464,64.92,77,31,8.99,scattered clouds
54,Hilo,US,19.7297,-155.09,80.28,86,20,0.0,light rain
55,Laguna,US,38.421,-121.4238,73.44,63,1,3.0,clear sky
56,Tongzi,CN,28.7829,105.0877,48.24,80,79,2.59,broken clouds
57,Belyy Yar,RU,53.6039,91.3903,8.49,85,80,2.24,smoke
58,New Norfolk,AU,-42.7826,147.0587,86.67,23,20,3.13,few clouds
59,Ambon,ID,-3.6954,128.1814,75.34,94,75,5.75,moderate rain
60,Coihueco,CL,-36.6167,-71.8333,63.34,52,80,9.22,broken clouds
61,Menongue,AO,-14.6585,17.691,64.74,86,82,4.27,broken clouds
62,Petropavlovsk-Kamchatskiy,RU,53.0452,158.6483,43.39,100,90,29.08,light intensity shower rain
63,Makakilo City,US,21.3469,-158.0858,84.52,59,1,14.97,light rain
64,Port Alfred,ZA,-33.5906,26.891,66.97,93,57,2.3,broken clouds
65,Maceio,BR,-9.6658,-35.7353,79.02,79,87,13.11,overcast clouds
66,Lompoc,US,34.6391,-120.4579,76.1,65,1,5.75,mist
67,Dakar,SN,14.6937,-17.4441,74.28,72,100,19.01,overcast clouds
68,Billerbeck,DE,51.9667,7.3,41.02,81,82,10.63,broken clouds
69,Caravelas,BR,-17.7125,-39.2481,76.39,92,84,13.13,light rain
70,Kavieng,PG,-2.5744,150.7967,84.9,66,95,7.61,overcast clouds
71,Port Hedland,AU,-20.3167,118.5667,89.65,31,82,10.36,broken clouds
72,Bredasdorp,ZA,-34.5322,20.0403,54.28,71,99,10.07,overcast clouds
73,Yellowknife,CA,62.456,-114.3525,-1.71,88,100,5.88,overcast clouds
74,Svetlyy,RU,54.675,20.1347,35.65,97,100,18.48,overcast clouds
75,Porto De Moz,BR,-1.7483,-52.2383,81.43,69,90,2.84,overcast clouds
76,Yambio,SS,4.5721,28.3955,69.87,88,95,2.8,overcast clouds
77,Hermanus,ZA,-34.4187,19.2345,60.91,74,79,10.49,broken clouds
78,Saskylakh,RU,71.9167,114.0833,-34.26,100,98,0.92,overcast clouds
79,Clyde River,CA,70.4692,-68.5914,7.03,85,100,29.93,light snow
80,Airai,TL,-8.9266,125.4092,70.38,63,100,2.37,overcast clouds
81,Patacamaya,BO,-17.2333,-67.9167,52.68,65,92,12.82,overcast clouds
82,Geraldton,AU,-28.7667,114.6,68.13,55,0,19.57,clear sky
83,Hobyo,SO,5.3505,48.5268,78.66,68,77,15.19,broken clouds
84,Urucara,BR,-2.5364,-57.76,80.11,77,100,1.36,light rain
85,Kapaa,US,22.0752,-159.319,82.38,74,40,5.99,moderate rain
86,Arica,CL,-18.475,-70.3042,66.43,72,0,4.61,clear sky
87,Touros,BR,-5.1989,-35.4608,81.5,74,79,11.01,broken clouds
88,Cherskiy,RU,68.75,161.3,-30.06,100,98,4.21,overcast clouds
89,Puerto Ayora,EC,-0.7393,-90.3518,69.98,84,76,10.13,broken clouds
90,Kalmunai,LK,7.4167,81.8167,75.87,85,99,4.03,overcast clouds
91,Kruisfontein,ZA,-34.0033,24.7314,63.88,87,58,12.77,broken clouds
92,Komsomolskiy,UZ,40.4272,71.7189,36.82,64,0,2.3,clear sky
93,Lebu,CL,-37.6167,-73.65,56.3,87,87,10.09,overcast clouds
94,Thompson,CA,55.7435,-97.8558,-0.24,78,90,6.91,light snow
95,Kesinga,IN,20.2,83.2333,57.74,82,5,1.41,clear sky
96,Makokou,GA,0.5738,12.8642,70.68,94,100,2.62,overcast clouds
97,Plettenberg Bay,ZA,-34.0527,23.3716,61.48,89,52,7.0,light rain
98,Norman Wells,CA,65.282,-126.8329,-25.44,98,99,4.0,overcast clouds
99,Vila,PT,42.0304,-8.1588,41.32,90,100,6.8,light rain
100,Cabo San Lucas,MX,22.8909,-109.9124,82.51,50,40,1.99,scattered clouds
101,Hithadhoo,MV,-0.6,73.0833,81.46,76,99,6.15,overcast clouds
102,Kilindoni,TZ,-7.9139,39.6668,80.71,76,50,9.93,scattered clouds
103,Busselton,AU,-33.65,115.3333,64.04,58,25,12.37,scattered clouds
104,Ulverstone,AU,-41.15,146.1667,75.29,71,11,7.07,few clouds
105,Sigli,ID,5.3848,95.9609,77.07,77,55,4.45,broken clouds
106,Bady Bassitt,BR,-20.9181,-49.4453,76.46,49,15,1.61,few clouds
107,Kahului,US,20.8947,-156.47,85.26,72,20,18.41,light rain
108,Porto Novo,BJ,6.4965,2.6036,80.02,84,68,6.58,broken clouds
109,Chara,RU,56.9064,118.2631,-1.89,82,85,1.95,overcast clouds
110,Cairns,AU,-16.9167,145.7667,93.11,63,39,10.36,scattered clouds
111,Bagotville,AU,-28.9833,153.4167,76.64,85,42,9.98,scattered clouds
112,Xinan,CN,26.72,119.8556,47.95,69,1,4.76,clear sky
113,Semporna,MY,4.4818,118.6112,80.22,83,100,5.97,overcast clouds
114,Belleville,CA,44.1788,-77.3705,41.0,84,100,9.22,light rain
115,Bengkulu,ID,-3.8004,102.2655,75.0,86,26,5.17,scattered clouds
116,Baijiantan,CN,45.6333,85.1833,22.87,56,0,4.41,clear sky
117,Pisco,PE,-13.7,-76.2167,66.25,77,0,16.11,clear sky
118,Byron Bay,AU,-28.65,153.6167,78.87,73,77,12.64,broken clouds
119,Andenes,NO,69.3143,16.1194,33.78,64,75,29.93,broken clouds
120,Butaritari,KI,3.0707,172.7902,82.22,77,96,11.01,overcast clouds
121,Saint-Philippe,RE,-21.3585,55.7679,72.99,82,76,10.0,broken clouds
122,Bethel,US,41.3712,-73.414,40.82,72,20,0.0,few clouds
123,Key Largo,US,25.0865,-80.4473,71.98,73,5,8.79,clear sky
124,Port Lincoln,AU,-34.7333,135.8667,62.35,61,99,11.74,overcast clouds
125,Miandrivazo,MG,-19.5167,45.4667,77.61,72,100,3.2,overcast clouds
126,Boa Vista,BR,2.8197,-60.6733,80.58,78,75,17.27,light intensity shower rain
127,Meulaboh,ID,4.1363,96.1285,74.8,90,63,4.99,broken clouds
128,Gadsden,US,34.0143,-86.0066,58.35,67,1,4.61,clear sky
129,Maumere,ID,-8.6199,122.2111,83.66,71,99,0.4,overcast clouds
130,Dikson,RU,73.5069,80.5464,-6.65,96,100,14.67,overcast clouds
131,Saint George,US,37.1041,-113.5841,68.34,23,1,0.0,clear sky
132,Cidreira,BR,-30.1811,-50.2056,65.89,70,29,7.83,scattered clouds
133,Acapulco,MX,16.8634,-99.8901,82.22,78,1,4.61,clear sky
134,Diffa,NE,13.3154,12.6113,73.45,34,6,11.54,clear sky
135,Berbera,SO,10.4396,45.0143,75.69,51,62,5.59,broken clouds
136,Turtas,RU,58.9417,69.1325,36.45,78,100,14.81,overcast clouds
137,Karasjok,NO,69.4719,25.5112,28.51,88,100,20.96,overcast clouds
138,Lorengau,PG,-2.0226,147.2712,85.75,67,99,2.91,overcast clouds
139,Mouila,GA,-1.8685,11.0559,73.76,99,100,1.9,moderate rain
140,Nikolskoye,RU,59.7035,30.7861,21.09,98,68,3.58,broken clouds
141,Dingle,PH,10.9995,122.6711,77.31,93,100,10.33,overcast clouds
142,Sao Filipe,CV,14.8961,-24.4956,75.02,68,100,11.14,overcast clouds
143,Glace Bay,CA,46.1969,-59.957,32.79,90,61,5.01,broken clouds
144,Smithers,CA,54.7804,-127.1743,33.42,98,74,4.18,light snow
145,Kharan,PK,28.5833,65.4167,58.62,29,0,4.36,clear sky
146,Velky Senov,CZ,50.9908,14.3743,44.11,76,97,5.99,light rain
147,Castro,BR,-24.7911,-50.0119,66.34,81,16,7.74,few clouds
148,Souillac,MU,-20.5167,57.5167,74.35,79,42,10.22,scattered clouds
149,Aberdare,GB,51.7144,-3.4492,37.99,89,10,6.53,clear sky
150,Saint Anthony,US,45.0205,-93.218,52.14,71,1,1.01,clear sky
151,Marzuq,YE,14.4,46.4667,57.4,30,0,2.73,clear sky
152,Mahebourg,MU,-20.4081,57.7,74.25,77,25,11.99,scattered clouds
153,Provideniya,RU,64.3833,-173.3,-1.64,50,0,6.71,clear sky
154,Merauke,ID,-8.4667,140.3333,81.18,82,98,5.73,overcast clouds
155,Cape Town,ZA,-33.9258,18.4232,61.27,64,72,12.48,broken clouds
156,Katangli,RU,51.7102,143.2326,22.32,84,100,36.39,light snow
157,Narsaq,GL,60.9167,-46.05,32.49,99,100,19.73,snow
158,Cervo,ES,43.6702,-7.4101,49.96,85,100,18.92,light rain
159,Kavaratti,IN,10.5669,72.642,81.99,78,21,12.48,few clouds
160,Katsuura,JP,35.1333,140.3,54.19,41,0,10.22,clear sky
161,Broome,US,42.2506,-75.833,36.91,78,75,1.01,broken clouds
162,Atambua,ID,-9.1061,124.8925,81.43,66,100,1.72,overcast clouds
163,Palauig,PH,15.435,119.9045,79.84,63,70,4.56,broken clouds
164,Westport,US,41.1415,-73.3579,44.76,70,1,1.01,clear sky
165,Cayenne,GF,4.9333,-52.3333,79.09,86,90,4.0,moderate rain
166,Challapata,BO,-18.9,-66.7667,58.19,29,68,8.84,broken clouds
167,Abu Dhabi,AE,24.4667,54.3667,72.97,73,0,5.75,clear sky
168,Denpasar,ID,-8.65,115.2167,78.46,88,40,2.3,scattered clouds
169,Fortuna,US,40.5982,-124.1573,61.93,70,1,8.05,clear sky
170,Esperance,AU,-33.8667,121.9,64.38,62,16,9.17,few clouds
171,Tura,IN,25.5198,90.2201,61.84,68,31,3.71,scattered clouds
172,Indianola,US,41.3581,-93.5574,55.26,50,100,13.44,overcast clouds
173,Pemba,MZ,-12.974,40.5178,79.38,76,6,7.67,clear sky
174,Haines Junction,CA,60.7522,-137.5108,12.33,98,100,1.81,overcast clouds
175,Matamoros,MX,25.5333,-103.25,78.91,37,75,4.61,broken clouds
176,Baie-Comeau,CA,49.2168,-68.1489,24.48,93,90,5.75,overcast clouds
177,Mirnyy,RU,62.5353,113.9611,-13.43,97,100,2.42,overcast clouds
178,Tasiilaq,GL,65.6145,-37.6368,25.23,92,100,35.84,snow
179,Pontianak,ID,-0.0333,109.3333,75.18,94,20,4.61,few clouds
180,Pinheiro,BR,-2.5214,-45.0825,77.29,78,100,3.83,overcast clouds
181,Aguimes,ES,27.9054,-15.4461,63.23,68,40,14.97,scattered clouds
182,Portland,US,45.5234,-122.6762,63.05,85,75,1.99,broken clouds
183,Olavarria,AR,-36.8927,-60.3225,61.43,58,0,8.68,clear sky
184,Abha,SA,18.2164,42.5053,46.65,81,0,0.0,clear sky
185,Isangel,VU,-19.55,169.2667,82.44,74,43,14.74,scattered clouds
186,Georgetown,MY,5.4112,100.3354,78.73,87,40,4.61,moderate rain
187,Ambulu,ID,-8.345,113.6058,78.46,84,96,2.66,overcast clouds
188,Vao,NC,-22.6667,167.4833,76.57,79,98,18.21,overcast clouds
189,Havre-Saint-Pierre,CA,50.2334,-63.5986,30.11,65,97,9.31,overcast clouds
190,Rancho Palos Verdes,US,33.7445,-118.387,85.68,71,1,1.01,clear sky
191,Tuktoyaktuk,CA,69.4541,-133.0374,-14.8,95,100,2.75,overcast clouds
192,Illela,NG,13.7292,5.2975,73.98,18,72,10.13,broken clouds
193,Calvinia,ZA,-31.4707,19.776,54.63,67,55,5.86,broken clouds
194,Keti Bandar,PK,24.1447,67.4497,70.92,66,0,7.85,clear sky
195,Terrace Bay,CA,48.7834,-87.1,36.79,96,100,18.54,light rain
196,Vardo,NO,70.3705,31.1107,30.4,58,100,31.99,light snow
197,Mar Del Plata,AR,-38.0023,-57.5575,63.09,82,52,3.0,broken clouds
198,Saint-Paul,RE,-21.0096,55.2707,73.51,73,51,1.72,broken clouds
199,Nicoya,CR,10.1483,-85.452,72.95,92,100,3.31,overcast clouds
200,Mehamn,NO,71.0357,27.8492,33.42,63,100,27.72,light snow
201,Mbandaka,CD,0.0487,18.2603,70.56,98,80,2.8,light rain
202,Shu,KZ,43.5983,73.7614,35.74,57,30,6.35,scattered clouds
203,Bahadurganj,IN,26.2667,87.8167,64.45,60,8,2.17,clear sky
204,Nizhniy Kuranakh,RU,58.8353,125.4869,-3.96,99,100,1.54,overcast clouds
205,Tecoanapa,MX,16.5167,-98.75,80.55,76,25,6.87,scattered clouds
206,Escarcega,MX,18.6089,-90.7454,75.24,71,82,5.1,broken clouds
207,Teya,RU,60.3778,92.6267,18.88,92,100,6.46,overcast clouds
208,Port Elizabeth,ZA,-33.918,25.5701,66.09,87,45,15.52,light rain
209,Tuatapere,NZ,-46.1333,167.6833,69.82,54,67,5.21,broken clouds
210,Great Falls,US,47.5002,-111.3008,65.59,38,1,11.99,clear sky
211,Broken Hill,AU,-31.95,141.4333,90.86,24,7,17.76,clear sky
212,Alto Longa,BR,-5.2511,-42.2103,83.44,48,93,1.63,overcast clouds
213,Bahia Blanca,AR,-38.7196,-62.2724,67.41,64,36,7.38,light rain
214,Inta,RU,66.0317,60.1659,9.54,81,100,14.14,overcast clouds
215,Qui Nhon,VN,13.7667,109.2333,71.91,86,100,18.81,overcast clouds
216,Sitka,US,57.0531,-135.33,39.09,65,75,28.77,haze
217,The Valley,AI,18.217,-63.0578,82.26,76,69,18.95,broken clouds
218,Praya,CV,14.9215,-23.5087,74.57,68,100,16.51,overcast clouds
219,Gamut,PH,8.5303,126.2422,79.0,89,94,4.72,overcast clouds
220,Cap Malheureux,MU,-19.9842,57.6142,74.46,78,4,3.0,clear sky
221,Merbes-Le-Chateau,BE,50.3246,4.1661,42.15,84,99,4.0,overcast clouds
222,Manjacaze,MZ,-24.7117,33.8828,68.02,94,92,5.23,overcast clouds
223,Jamtara,IN,23.95,86.8,62.91,59,33,6.15,scattered clouds
224,Chapais,CA,49.7834,-74.8492,9.37,91,100,4.88,overcast clouds
225,Balabac,PH,7.9868,117.0645,82.24,74,97,3.51,moderate rain
226,Yar-Sale,RU,66.8333,70.8333,0.79,96,100,14.14,overcast clouds
227,Lewiston,US,44.1003,-70.2148,38.39,79,1,0.0,clear sky
228,Hovd,MN,48.0056,91.6419,14.99,62,0,1.81,clear sky
229,Canico,PT,32.6333,-16.85,65.71,81,40,1.01,scattered clouds
230,Qaqortoq,GL,60.7167,-46.0333,32.68,99,100,23.0,snow
231,Novyy Urengoy,RU,66.0833,76.6333,-3.39,97,100,10.71,overcast clouds
232,Tabasalu,EE,59.4303,24.5331,20.75,92,20,1.14,few clouds
233,Islahiye,TR,37.025,36.6306,38.98,61,25,3.74,scattered clouds
234,Zheleznodorozhnyy,RU,55.7503,38.0042,22.55,90,88,9.48,overcast clouds
235,San Vicente,AR,-26.6167,-54.1333,65.07,62,0,2.89,clear sky
236,Boyolangu,ID,-8.1181,111.8935,78.98,84,97,2.21,overcast clouds
237,Pingliang,CN,35.5392,106.6861,30.22,28,0,3.2,clear sky
238,Imeni Poliny Osipenko,RU,52.4201,136.4853,10.67,70,100,11.45,overcast clouds
239,Saint-Georges,GD,12.0564,-61.7485,80.65,79,100,16.91,overcast clouds
240,Limoux,FR,42.9167,2.1667,45.82,65,100,9.17,overcast clouds
241,Booue,GA,-0.0921,11.9385,73.45,97,100,1.59,moderate rain
242,Cascais,PT,38.6979,-9.4215,56.46,83,100,15.01,overcast clouds
243,Victor Harbor,AU,-35.5667,138.6167,80.19,72,100,1.99,overcast clouds
244,Aklavik,CA,68.2191,-135.0107,-18.71,96,100,8.61,overcast clouds
245,Nsanje,MW,-16.92,35.262,75.51,88,8,4.56,clear sky
246,Sri Aman,MY,1.2376,111.4621,77.2,88,93,0.87,overcast clouds
247,Sola,VU,-13.8833,167.55,86.67,70,20,2.3,few clouds
248,Ilulissat,GL,69.2167,-51.1,32.58,60,100,17.52,light snow
249,Port Blair,IN,11.6667,92.75,80.04,87,100,23.58,heavy intensity rain
250,Singapore,SG,1.2897,103.8501,80.46,77,40,16.11,scattered clouds
251,Santa Luzia,BR,-19.7697,-43.8514,67.6,94,41,0.13,scattered clouds
252,Tabou,CI,4.423,-7.3528,79.81,81,33,6.15,scattered clouds
253,Mnogovershinnyy,RU,53.9353,139.9242,13.1,91,100,28.81,snow
254,Ust-Nera,RU,64.5667,143.2,-45.29,100,70,4.63,broken clouds
255,Nuuk,GL,64.1835,-51.7216,32.16,91,82,6.42,light snow
256,Talnakh,RU,69.4865,88.3972,-23.75,99,45,4.25,scattered clouds
257,Mackay,AU,-21.15,149.2,89.69,68,0,5.88,clear sky
258,Pangai,TO,-19.8,-174.35,73.51,88,90,2.3,light rain
259,Yerbogachen,RU,61.2767,108.0108,-20.47,99,86,4.07,overcast clouds
260,Nemuro,JP,43.3236,145.575,34.23,53,21,29.8,few clouds
261,Maxixe,MZ,-23.8597,35.3472,71.89,88,39,9.93,scattered clouds
262,Nevsehir,TR,38.9167,34.6667,25.81,86,40,4.61,scattered clouds
263,Cuacnopalan,MX,18.8167,-97.5,57.36,74,83,7.11,broken clouds
264,Flinders,AU,-34.5833,150.8552,81.18,69,35,9.01,scattered clouds
265,Renqiu,CN,38.6989,116.0936,32.31,44,0,6.29,clear sky
266,Panama City,PA,8.9936,-79.5197,80.06,83,99,1.01,overcast clouds
267,Hasaki,JP,35.7333,140.8333,50.29,38,4,21.94,clear sky
268,Victoria,HK,22.2855,114.1577,62.26,47,72,1.01,broken clouds
269,Amahai,ID,-3.3333,128.9167,79.72,83,100,0.98,overcast clouds
270,Badou,TG,7.5833,0.6,74.88,60,98,2.42,overcast clouds
271,Tautira,PF,-17.7333,-149.15,86.02,77,100,20.0,overcast clouds
272,Kuruman,ZA,-27.4524,23.4325,64.99,60,71,7.11,light rain
273,Santiago,CL,-33.4569,-70.6483,71.85,41,0,5.75,clear sky
274,Waipawa,NZ,-41.4122,175.5153,65.03,64,99,12.91,overcast clouds
275,Carnaiba,BR,-8.7,-37.6667,84.74,44,99,16.4,overcast clouds
276,San Jose,US,37.3394,-121.895,76.59,45,20,0.0,haze
277,Ballina,AU,-28.8667,153.5667,76.78,85,65,12.57,broken clouds
278,Ahipara,NZ,-35.1667,173.1667,71.73,62,100,3.69,overcast clouds
279,Gladstone,AU,-23.85,151.25,88.79,74,75,4.61,broken clouds
280,Gigmoto,PH,13.7796,124.39,79.07,84,100,20.67,overcast clouds
281,Bandarbeyla,SO,9.4942,50.8122,75.31,62,0,14.18,clear sky
282,Kongolo,CD,-5.3833,27.0,68.13,97,69,2.37,broken clouds
283,Constitucion,CL,-35.3333,-72.4167,54.37,83,46,10.83,scattered clouds
284,Beyneu,KZ,45.3167,55.2,41.49,88,88,11.14,overcast clouds
285,Gillette,US,44.2911,-105.5022,59.95,36,1,11.5,clear sky
286,Hambantota,LK,6.1241,81.1185,75.09,86,18,3.76,few clouds
287,Emerald,AU,-23.5333,148.1667,85.33,58,0,9.55,clear sky
288,Marsa Matruh,EG,31.3525,27.2453,63.77,53,94,12.44,overcast clouds
289,Port Hardy,CA,50.6996,-127.4199,49.75,84,100,12.15,light rain
290,Bara,NG,10.3744,10.7288,76.03,22,63,8.99,broken clouds
291,Nanortalik,GL,60.1432,-45.2371,33.55,95,100,25.64,moderate rain
292,Morgantown,US,39.6295,-79.9559,46.31,89,90,6.91,overcast clouds
293,Coquimbo,CL,-29.9533,-71.3436,60.53,77,0,10.36,clear sky
294,Kodiak,US,57.79,-152.4072,15.31,79,90,24.16,snow
295,Gejiu,CN,23.306,103.1635,38.64,95,86,3.0,overcast clouds
296,Lexington,US,37.9887,-84.4777,57.15,66,75,6.91,broken clouds
297,Mayo,US,38.8876,-76.5119,53.24,73,90,1.99,overcast clouds
298,Oranjemund,NA,-28.55,16.4333,60.44,92,17,9.53,few clouds
299,Salinopolis,BR,-0.6136,-47.3561,81.27,79,100,11.99,overcast clouds
300,Eruwa,NG,7.5333,3.4167,75.79,89,39,4.83,scattered clouds
301,Hay River,CA,60.8156,-115.7999,4.96,85,90,4.61,light snow
302,Goderich,CA,43.7501,-81.7165,37.9,82,99,21.59,overcast clouds
303,Hami,CN,42.8,93.45,24.82,62,40,3.62,scattered clouds
304,Evanston,US,42.0411,-87.6901,47.1,88,90,5.01,overcast clouds
305,Nome,US,64.5011,-165.4064,-14.73,65,1,3.44,clear sky
306,Kashi,CN,39.4547,75.9797,24.08,48,0,1.07,clear sky
307,Panguna,PG,-6.3164,155.4848,83.62,55,96,2.82,overcast clouds
308,Itarema,BR,-2.9248,-39.9167,80.6,77,60,14.0,broken clouds
309,Dois Vizinhos,BR,-25.7336,-53.0572,66.31,68,0,4.61,clear sky
310,Chumikan,RU,54.7183,135.315,-8.57,91,100,19.39,overcast clouds
311,Maun,BW,-19.9833,23.4167,75.16,94,0,1.14,clear sky
312,Saint-Pierre,RE,-21.3393,55.4781,73.08,62,90,6.91,overcast clouds
313,Ujszasz,HU,47.3,20.0833,46.69,79,97,19.48,overcast clouds
314,Kodinsk,RU,58.6881,99.1844,10.33,95,100,3.94,light snow
315,Yuzhne,UA,46.6221,31.1013,32.22,65,29,6.73,scattered clouds
316,Axim,GH,4.8699,-2.2405,79.32,84,52,6.31,broken clouds
317,Christchurch,NZ,-43.5333,172.6333,62.91,75,90,10.0,overcast clouds
318,Viransehir,TR,37.2353,39.7631,43.47,56,3,9.75,clear sky
319,Faanui,PF,-16.4833,-151.75,77.68,82,100,17.27,heavy intensity rain
320,Hulan,CN,45.9833,126.6,20.57,80,91,17.74,overcast clouds
321,Ixtapa,MX,20.7,-105.2,79.83,78,20,6.91,few clouds
322,Serabu,SL,7.7958,-12.0536,74.19,98,77,4.83,heavy intensity rain
323,Halifax,CA,44.6453,-63.5724,38.68,88,23,5.99,few clouds
324,Bakchar,RU,57.0186,82.0711,19.24,80,100,9.22,overcast clouds
325,Hammerfest,NO,70.6634,23.6821,30.65,80,20,20.71,light snow
326,Torbay,CA,47.6666,-52.7314,38.57,83,90,8.05,overcast clouds
327,Leningradskiy,RU,69.3833,178.4167,-15.2,89,78,6.55,broken clouds
328,Olafsvik,IS,64.8945,-23.7142,32.88,96,100,27.56,snow
329,Maniwaki,CA,46.3834,-75.966,27.14,63,99,4.61,overcast clouds
330,Leh,IN,34.1667,77.5833,18.97,50,97,3.02,overcast clouds
331,Pevek,RU,69.7008,170.3133,-6.93,93,100,7.56,overcast clouds
332,Jalu,LY,29.0331,21.5482,57.33,66,91,4.65,overcast clouds
333,Fare,PF,-16.7,-151.0167,80.83,75,100,18.9,light rain
334,Grand Gaube,MU,-20.0064,57.6608,77.4,78,4,3.0,clear sky
335,Tromso,NO,69.6496,18.957,30.22,69,75,1.01,broken clouds
336,Quatre Cocos,MU,-20.2078,57.7625,77.11,77,23,12.57,few clouds
337,New Baltimore,US,42.6811,-82.7369,41.4,97,90,11.5,overcast clouds
338,Lapua,FI,62.9693,23.0088,16.11,98,39,3.04,scattered clouds
339,Namibe,AO,-15.1961,12.1522,71.11,78,97,3.2,light rain
340,Ijui,BR,-28.3878,-53.9147,75.22,58,4,8.61,clear sky
341,Blythe,US,33.6103,-114.5964,82.85,9,1,8.05,clear sky
342,Alta Floresta,BR,-9.8756,-56.0861,71.64,98,100,2.82,overcast clouds
343,Filingue,NE,14.3521,3.3168,77.43,16,31,8.84,scattered clouds
344,Trairi,BR,-3.2778,-39.2689,80.62,77,60,9.53,broken clouds
345,Aasiaat,GL,68.7098,-52.8699,31.71,74,100,8.08,light snow
346,Falavarjan,IR,32.5553,51.5097,51.48,36,100,3.42,overcast clouds
347,Luba,GQ,3.4568,8.5547,80.37,84,65,9.01,light rain
348,Vila Velha,BR,-20.3297,-40.2925,76.95,93,40,7.65,scattered clouds
349,Rabo De Peixe,PT,37.8,-25.5833,62.28,96,20,5.75,few clouds
350,Muros,ES,42.7762,-9.0603,52.84,94,100,22.35,overcast clouds
351,Iqaluit,CA,63.7506,-68.5145,11.93,73,90,2.3,light snow
352,Foggia,IT,41.45,15.5333,56.61,87,40,5.75,scattered clouds
353,Hervey Bay,AU,-25.2986,152.8535,84.04,83,9,4.0,clear sky
354,Karratha,AU,-20.7377,116.8463,89.64,26,1,13.56,clear sky
355,Luderitz,NA,-26.6481,15.1594,60.84,72,0,17.16,clear sky
356,Waitati,NZ,-45.75,170.5667,60.71,82,92,10.04,overcast clouds
357,Abalak,RU,58.1286,68.5944,35.29,77,100,14.29,overcast clouds
358,Kirkwood,US,38.5834,-90.4068,58.95,61,40,1.01,scattered clouds
359,Bathsheba,BB,13.2167,-59.5167,81.21,78,40,19.57,scattered clouds
360,Mitsamiouli,KM,-11.3847,43.2844,80.01,76,38,10.0,scattered clouds
361,Dobris,CZ,49.7811,14.1672,45.34,81,100,15.64,overcast clouds
362,Statesboro,US,32.4488,-81.7832,56.52,76,1,3.44,clear sky
363,Jeremoabo,BR,-10.075,-38.4808,77.13,72,91,10.45,overcast clouds
364,Mount Isa,AU,-20.7333,139.5,96.57,20,3,13.8,clear sky
365,San Patricio,US,28.017,-97.5169,74.08,70,98,6.62,overcast clouds
366,Llanes,ES,43.4198,-4.7549,50.9,84,92,21.34,light rain
367,Adeje,ES,28.1227,-16.726,67.57,64,20,1.01,few clouds
368,Itatiaia,BR,-22.4961,-44.5633,68.79,98,59,3.02,broken clouds
369,San Ramon,US,37.7799,-121.978,73.11,55,1,1.01,haze
370,Rocha,UY,-34.4833,-54.3333,56.77,76,97,4.9,overcast clouds
371,Wakefield,GB,53.6809,-1.499,37.67,63,5,10.67,clear sky
372,Baffa,PK,34.4378,73.2194,50.58,18,99,5.57,overcast clouds
373,Mao,ES,39.8885,4.2658,57.76,77,20,9.22,few clouds
374,Nouadhibou,MR,20.931,-17.0347,62.58,67,58,18.41,broken clouds
375,Kalulushi,ZM,-12.8378,28.0919,69.15,48,73,2.95,broken clouds
376,Okato,NZ,-39.2,173.8833,68.41,93,100,8.16,light rain
377,Benito Juarez,MX,19.385,-99.165,70.0,24,75,3.0,broken clouds
378,Neiafu,TO,-18.65,-173.9833,83.08,65,75,5.75,light rain
379,Mujiayingzi,CN,42.1167,118.7833,24.57,55,2,12.93,clear sky
380,Resistencia,AR,-27.4606,-58.9839,80.65,52,0,4.61,clear sky
381,Barentu,ER,15.1139,37.5928,70.21,42,0,4.23,clear sky
382,Penzance,GB,50.1186,-5.5371,45.77,71,91,23.51,overcast clouds
383,Amapa,BR,1.0,-52.0,73.18,99,100,2.8,light rain
384,Sao Joao Da Barra,BR,-21.6403,-41.0511,72.75,94,10,8.81,clear sky
385,Ancud,CL,-41.8697,-73.8203,53.42,70,82,7.43,broken clouds
386,Lasa,IT,46.6166,10.7002,38.14,96,100,1.25,light rain
387,Beira,MZ,-19.8436,34.8389,75.29,83,20,4.61,few clouds
388,Nagua,DO,19.3832,-69.8474,76.44,81,30,7.36,scattered clouds
389,Shizunai,JP,42.3339,142.3669,32.61,74,100,35.5,light snow
390,Rio Grande,BR,-32.035,-52.0986,64.94,68,69,9.44,broken clouds
391,Methoni,GR,36.8197,21.7049,55.22,66,93,8.1,overcast clouds
392,Raudeberg,NO,61.9875,5.1352,32.67,53,92,23.51,light snow
393,Slavonski Brod,HR,45.1603,18.0156,53.85,82,49,5.48,scattered clouds
394,Half Moon Bay,US,37.4636,-122.4286,76.19,56,1,0.0,clear sky
395,Baruun-Urt,MN,46.6806,113.2792,21.38,60,76,20.29,broken clouds
396,Karachi,PK,24.9056,67.0822,66.02,34,0,5.75,smoke
397,Cotui,DO,19.0527,-70.1494,79.88,85,48,0.83,scattered clouds
398,Kremenchuk,UA,49.0973,33.4197,30.2,75,60,6.51,broken clouds
399,Vytegra,RU,61.0064,36.4481,21.34,89,100,12.46,overcast clouds
400,Derzhavinsk,KZ,51.1,66.3167,38.21,67,100,19.64,overcast clouds
401,Auki,SB,-8.7676,160.7034,83.97,74,100,5.26,overcast clouds
402,Husavik,IS,66.0449,-17.3389,21.11,83,100,12.19,overcast clouds
403,Kuah,MY,6.3265,99.8432,78.78,94,40,6.91,moderate rain
404,Stephenville,US,32.2207,-98.2023,68.13,32,1,0.0,clear sky
405,Abonnema,NG,4.7084,6.7931,79.09,87,95,7.34,overcast clouds
406,Vostok,RU,46.4856,135.8833,-2.58,95,84,6.78,broken clouds
407,Serra Negra,BR,-22.6122,-46.7006,68.31,80,4,5.84,clear sky
408,Bonoua,CI,5.2741,-3.595,76.62,85,58,4.63,broken clouds
409,Lagoa,PT,39.05,-27.9833,62.53,85,15,10.6,few clouds
410,Helena,US,46.5927,-112.0361,65.39,41,75,5.01,broken clouds
411,Pangnirtung,CA,66.1451,-65.7125,3.58,98,100,7.0,overcast clouds
412,Camacha,PT,33.0833,-16.3333,60.53,77,40,6.91,scattered clouds
413,Umba,RU,66.6871,34.3429,21.13,84,97,15.01,overcast clouds
414,Bosobolo,CD,4.1833,19.9,74.75,73,96,1.92,overcast clouds
415,San Andres,CO,12.5847,-81.7006,82.42,78,90,11.5,overcast clouds
416,Ostrovnoy,RU,68.0531,39.5131,25.86,89,100,33.26,light snow
417,Mildura,AU,-34.2,142.15,89.08,37,46,11.5,scattered clouds
418,Batagay-Alyta,RU,67.8006,130.4114,-38.65,96,35,4.34,scattered clouds
419,Dawei,MM,14.0833,98.2,72.7,63,94,9.69,overcast clouds
420,Richards Bay,ZA,-28.783,32.0377,73.62,83,10,14.25,clear sky
421,Abay,KZ,49.6311,72.8539,28.78,78,42,7.81,scattered clouds
422,Urumqi,CN,43.801,87.6005,5.95,85,1,2.24,mist
423,Marystown,CA,47.1666,-55.1483,36.86,100,41,4.18,scattered clouds
424,Xichang,CN,27.8964,102.2634,48.97,75,100,1.79,overcast clouds
425,Ilo,PE,-17.6394,-71.3375,65.21,80,36,4.29,scattered clouds
426,Pasighat,IN,28.0667,95.3333,60.6,58,100,3.09,overcast clouds
427,Biak,ID,-0.9131,122.8766,78.3,81,100,6.06,overcast clouds
428,Piney Green,US,34.716,-77.3202,56.89,77,1,3.44,clear sky
429,Yaan,NG,7.3833,8.5667,77.77,27,81,4.25,broken clouds
430,North Bend,US,43.4065,-124.2243,61.95,96,75,11.5,broken clouds
431,Kenai,US,60.5544,-151.2583,20.03,90,90,6.91,light snow
432,Kemijarvi,FI,66.7131,27.4306,18.61,95,100,7.94,snow
433,Port-Gentil,GA,-0.7193,8.7815,78.78,83,100,6.02,light rain
434,Sinnamary,GF,5.3833,-52.95,78.31,89,100,11.01,light rain
435,Dwarka,IN,22.2394,68.9678,70.02,79,46,10.47,scattered clouds
436,Tayoltita,MX,24.0833,-105.9333,68.74,63,62,2.62,broken clouds
437,Balakhonovskoye,RU,44.7767,41.7842,36.43,89,100,12.26,light snow
438,Bukama,CD,-9.2,25.85,69.93,96,98,1.32,overcast clouds
439,Chuy,UY,-33.6971,-53.4616,59.31,73,83,7.63,broken clouds
440,Toamasina,MG,-18.1667,49.3833,71.6,94,40,0.0,light rain
441,Mirabela,BR,-16.2628,-44.1644,73.65,84,88,1.99,light rain
442,Uyuni,BO,-20.4597,-66.825,59.0,9,100,8.39,overcast clouds
443,Chesma,RU,53.8111,60.6533,33.57,89,94,11.99,overcast clouds
444,Marietta,US,33.9526,-84.5499,61.47,61,40,3.44,scattered clouds
445,Nouakchott,MR,18.0858,-15.9785,73.33,31,99,11.81,overcast clouds
446,Aleksandrov Gay,RU,50.147,48.5704,30.38,78,13,9.42,few clouds
447,Washington,US,47.5001,-120.5015,63.0,53,68,5.55,broken clouds
448,Yagodnoye,RU,62.55,149.6667,-25.94,93,100,2.37,overcast clouds
449,Almaznyy,RU,48.0448,40.045,33.94,93,90,13.04,overcast clouds
450,Buchanan,LR,5.8808,-10.0467,78.82,84,30,5.41,scattered clouds
451,Tumbagaan,PH,5.3656,120.3139,81.21,77,100,5.88,overcast clouds
452,Narrabri,AU,-30.3167,149.7833,81.52,60,0,4.0,clear sky
453,Alekseyevsk,RU,57.8406,108.3492,-5.85,99,100,3.91,overcast clouds
454,Kars,TR,40.602,43.095,23.45,93,75,2.3,broken clouds
455,Sayyan,YE,15.1718,44.3244,43.86,37,0,0.72,clear sky
456,Baykit,RU,61.67,96.37,2.55,98,100,1.7,light snow
457,Lumby,CA,50.2498,-118.969,61.65,44,100,3.44,overcast clouds
458,Rio Gallegos,AR,-51.6226,-69.2181,57.25,28,0,21.85,clear sky
459,Mayumba,GA,-3.432,10.6554,76.39,88,93,4.68,overcast clouds
460,Cockburn Town,TC,21.4612,-71.1419,80.64,73,0,15.84,clear sky
461,Constantine,DZ,36.365,6.6147,44.96,77,0,6.53,clear sky
462,Juneau,US,58.3019,-134.4197,38.21,94,90,4.61,snow
463,San Isidro,PE,-12.1167,-77.05,71.02,80,0,1.99,clear sky
464,Socota,CO,6.0403,-72.6351,51.17,95,77,2.28,broken clouds
465,Alugan,PH,12.2188,125.4808,80.46,86,100,13.38,overcast clouds
466,College,US,64.8569,-147.8028,-2.25,77,75,0.0,light snow
467,Ola,RU,59.5833,151.2833,9.55,87,100,27.63,snow
468,Yulara,AU,-25.2406,130.9889,94.84,15,0,10.36,clear sky
469,Guarapuava,BR,-25.3953,-51.4581,60.33,68,0,1.9,clear sky
470,Les Escoumins,CA,48.1111,-69.0236,19.96,77,84,10.89,broken clouds
471,Codrington,AU,-38.2667,141.9667,66.22,73,87,7.81,overcast clouds
472,Adjumani,UG,3.3779,31.7909,71.67,67,58,2.28,broken clouds
473,Albury,AU,-36.0833,146.9167,87.15,70,2,5.75,clear sky
474,Den Helder,NL,52.9599,4.7593,44.58,82,75,11.99,broken clouds
475,Paracuru,BR,-3.41,-39.0306,82.42,77,91,11.45,overcast clouds
476,Bilecik,TR,40.0,30.1667,27.28,70,5,6.96,clear sky
477,Hilliard,US,40.0334,-83.1582,44.64,93,90,4.0,mist
478,Celestun,MX,20.8667,-90.4,75.97,67,6,15.28,clear sky
479,Manokwari,ID,-0.8667,134.0833,81.64,80,99,5.93,moderate rain
480,Pangkalanbuun,ID,-2.6833,111.6167,78.37,84,97,2.86,overcast clouds
481,Loukhi,RU,66.0764,33.0381,18.55,94,100,8.12,light snow
482,San Jeronimo,PE,-11.9472,-75.2829,56.12,72,99,4.45,overcast clouds
483,Kozan,TR,37.4552,35.8157,47.3,52,10,9.55,clear sky
484,Aden,YE,12.7794,45.0367,78.62,57,0,9.17,clear sky
485,Causapscal,CA,48.3542,-67.227,22.23,80,98,9.46,overcast clouds
486,Kedougou,SN,12.5579,-12.1743,75.78,53,11,6.91,few clouds
487,Ukiah,US,39.1502,-123.2078,73.85,48,1,0.0,clear sky
488,Kyren,RU,51.6828,102.1408,13.37,79,64,1.48,broken clouds
489,Akyab,MM,20.15,92.9,70.16,69,32,6.02,scattered clouds
490,Oneida,US,43.2001,-75.4663,38.73,81,75,1.99,broken clouds
491,Uddevalla,SE,58.3478,11.9424,28.76,89,100,1.99,overcast clouds
492,Santa Vitoria Do Palmar,BR,-33.5189,-53.3681,60.06,71,82,7.74,broken clouds
493,Saurimo,AO,-9.6608,20.3916,64.42,96,100,2.51,overcast clouds
494,Hamilton,US,39.1834,-84.5333,53.04,88,90,1.99,overcast clouds
495,Mountain Home,US,43.133,-115.6912,52.54,66,1,3.44,haze
496,Veraval,IN,20.9,70.3667,69.76,82,90,14.12,overcast clouds
497,Kieta,PG,-6.2167,155.6333,86.34,63,98,4.23,overcast clouds
498,Aku,NG,6.7081,7.3167,75.24,71,66,6.91,broken clouds
499,Maragogi,BR,-9.0122,-35.2225,78.69,80,64,9.51,broken clouds
500,Bucerias,MX,20.75,-105.3333,80.58,78,20,6.91,few clouds
501,Lobito,AO,-12.3481,13.5456,77.05,83,99,5.84,overcast clouds
502,Tiksi,RU,71.6872,128.8694,-28.43,100,82,4.83,broken clouds
503,Vila Do Maio,CV,15.1333,-23.2167,75.56,66,100,17.6,overcast clouds
504,Tymovskoye,RU,50.8456,142.655,21.27,91,100,21.56,snow
505,Pingxiang,CN,27.6167,113.85,43.36,62,0,1.86,clear sky
506,Bridlington,GB,54.0831,-0.1919,37.58,70,78,30.04,broken clouds
507,Monteagudo,BO,-19.8167,-63.9833,73.36,66,79,2.59,broken clouds
508,Ngunguru,NZ,-35.6167,174.5,71.17,76,100,12.44,overcast clouds
509,Orlik,RU,52.5178,99.825,7.97,85,99,3.13,overcast clouds
510,Kefalos,GR,36.7453,26.9589,55.62,54,20,3.44,few clouds
511,Pittsburg,US,38.028,-121.8847,71.69,57,1,0.0,haze
512,Machali,CL,-34.1833,-70.6667,69.08,49,0,9.22,clear sky
513,Sribne,UA,50.6638,32.9187,27.34,79,33,6.89,scattered clouds
514,Fairbanks,US,64.8378,-147.7164,-2.24,77,75,0.0,mist
515,Lucapa,AO,-8.4192,20.7447,65.23,97,100,2.1,overcast clouds
516,Jumla,NP,29.2747,82.1838,47.7,66,100,2.82,light rain
517,Umuarama,BR,-23.7664,-53.325,73.63,47,2,2.3,clear sky
518,Sault Sainte Marie,CA,46.5168,-84.3333,36.9,89,90,9.22,overcast clouds
519,Tambacounda,SN,13.7539,-13.7586,75.25,41,58,4.61,broken clouds
520,Dzhebariki-Khaya,RU,62.2167,135.8,-37.1,98,12,2.17,few clouds
521,Nyuksenitsa,RU,60.4128,44.2397,20.14,93,100,9.08,overcast clouds
522,Mantua,IT,45.1667,10.7833,45.28,89,100,1.86,moderate rain
523,Eirunepe,BR,-6.6603,-69.8736,73.33,98,93,2.75,overcast clouds
524,Lokoja,NG,7.8024,6.743,78.78,35,82,2.55,broken clouds
525,Aloleng,PH,16.1307,119.7824,77.85,69,90,10.31,overcast clouds
526,Zhangye,CN,38.9342,100.4517,24.15,40,0,6.31,clear sky
527,Slantsy,RU,59.1182,28.0914,10.02,97,87,2.98,overcast clouds
528,Roald,NO,62.5833,6.1333,32.14,93,75,6.91,light snow
529,Sherbrooke,CA,45.4001,-71.8991,26.8,73,1,2.3,clear sky
530,Kuldiga,LV,56.974,21.9572,28.09,94,100,12.88,light snow
531,Dunedin,NZ,-45.8742,170.5036,59.81,83,64,15.93,broken clouds
532,Camana,PE,-16.6228,-72.7111,67.77,77,94,7.05,overcast clouds
533,Launceston,AU,-41.45,147.1667,81.61,46,5,5.01,clear sky
534,Drinovci,BA,43.355,17.3539,41.63,97,100,4.03,overcast clouds
535,Ouadda,CF,8.0777,22.4007,72.32,33,79,4.61,broken clouds
536,Sombrio,BR,-29.1139,-49.6167,65.93,72,92,5.3,overcast clouds
537,Korla,CN,41.7597,86.1469,21.92,74,7,2.24,clear sky
538,Avera,US,33.194,-82.5271,60.53,49,48,7.23,scattered clouds
539,Drummondville,CA,45.8834,-72.4824,27.54,82,53,6.4,broken clouds
540,Praia Da Vitoria,PT,38.7333,-27.0667,62.85,94,75,7.49,broken clouds
541,Athens,GR,37.9795,23.7162,54.19,70,0,1.01,clear sky
542,Puerto Escondido,MX,15.85,-97.0667,83.23,65,40,5.75,scattered clouds
543,Padang,ID,-0.9492,100.3543,77.05,83,17,2.51,few clouds
544,Portobelo,PA,9.55,-79.65,78.04,87,100,7.14,overcast clouds
545,Pocatello,US,42.8713,-112.4455,51.48,57,75,11.01,broken clouds
546,Duverge,DO,18.3784,-71.5247,76.39,79,37,1.3,scattered clouds
547,Kamaishi,JP,39.2667,141.8833,32.95,72,64,21.85,broken clouds
548,Dindori,IN,22.95,81.0833,54.18,52,16,3.33,few clouds
549,Vestmannaeyjar,IS,63.4427,-20.2734,36.0,94,100,31.5,moderate rain
550,Latung,PH,5.5,120.8833,82.65,75,100,9.4,overcast clouds
551,Tiarei,PF,-17.5333,-149.3333,86.02,76,99,19.66,light rain
552,Paidha,UG,2.4167,30.9855,61.77,77,86,3.74,overcast clouds
553,Jibuti,DJ,11.5,42.5,68.23,63,3,11.03,clear sky
554,Karimnagar,IN,18.4333,79.15,65.68,77,51,6.76,broken clouds
555,Fukue,JP,32.6881,128.8419,46.76,61,75,6.91,broken clouds
556,Walvis Bay,NA,-22.9575,14.5053,59.09,82,0,5.75,clear sky
557,Seymchan,RU,62.8833,152.4333,-32.21,95,100,1.61,overcast clouds
558,Kununurra,AU,-15.7667,128.7333,93.18,49,100,9.22,overcast clouds
559,Araouane,ML,18.9048,-3.5265,72.72,16,54,10.04,broken clouds
560,Bagdarin,RU,54.4333,113.6,-1.73,78,3,5.7,clear sky
561,Zacualpan,MX,21.25,-105.1667,83.82,76,70,0.47,broken clouds
562,Junin,AR,-34.5838,-60.9433,68.74,53,31,7.45,scattered clouds
563,Luganville,VU,-15.5333,167.1667,84.54,72,38,7.02,scattered clouds
564,Wahiawa,US,21.5028,-158.0236,82.72,63,20,13.8,few clouds
565,Rolla,US,37.9514,-91.7713,57.34,55,1,6.91,clear sky
566,Harper,LR,4.375,-7.7169,79.57,80,59,5.79,light rain
567,Kachug,RU,53.9606,105.8817,11.57,94,100,2.17,overcast clouds
568,Maltahohe,NA,-24.8333,16.9833,70.56,21,35,8.95,scattered clouds
569,Alpena,US,45.0617,-83.4327,36.18,85,90,5.01,overcast clouds
570,Jining,CN,35.405,116.5814,33.15,58,0,5.93,clear sky
571,Alyangula,AU,-13.8483,136.4192,89.47,74,75,3.44,broken clouds
572,Marang,MY,5.2056,103.2059,75.11,89,100,10.49,light rain
573,Inirida,CO,3.8653,-67.9239,76.78,90,100,1.32,overcast clouds
574,Kroya,ID,-7.6331,109.2461,79.88,80,98,3.65,overcast clouds
575,Inyonga,TZ,-6.7167,32.0667,65.35,87,66,2.66,light rain
576,Lavrentiya,RU,65.5833,-171.0,-10.17,82,1,6.31,clear sky
577,Shunyi,CN,40.125,116.6453,35.55,44,0,4.47,clear sky
578,Zemetchino,RU,53.4973,42.6163,30.54,76,89,11.92,overcast clouds
579,Wanaka,NZ,-44.7,169.15,72.1,54,97,3.0,overcast clouds
580,Araguacu,BR,-12.9306,-49.8264,76.95,89,100,1.39,moderate rain
581,Samarai,PG,-10.6167,150.6667,85.66,73,92,11.3,overcast clouds
582,Tiznit,MA,29.5833,-9.5,54.12,50,0,2.46,clear sky
583,Sarangani,PH,5.4033,125.4636,83.35,75,99,11.12,overcast clouds
584,Wagar,SD,16.1525,36.2032,73.9,65,0,9.84,clear sky
585,De Haan,BE,51.272,3.0429,44.58,78,40,8.99,scattered clouds
586,Anadyr,RU,64.75,177.4833,1.9,84,90,11.01,heavy snow
587,Serowe,BW,-22.3833,26.7167,75.4,44,50,14.12,scattered clouds
588,Yangjiang,CN,21.85,111.9667,53.76,50,61,6.78,broken clouds
589,Keningau,MY,5.3378,116.1602,77.45,81,100,0.47,overcast clouds
590,Bowen,AU,-20.0167,148.2333,84.06,65,0,6.51,clear sky
591,Brownsburg,US,39.8434,-86.3978,46.58,89,90,1.99,mist
592,Baraboo,US,43.4711,-89.7443,46.69,80,1,1.01,clear sky
593,Cukai,MY,4.25,103.4167,77.14,88,97,5.19,overcast clouds
594,Tazovskiy,RU,67.4667,78.7,-10.39,96,100,11.97,overcast clouds
595,Zhigansk,RU,66.7697,123.3711,-41.35,99,69,6.08,broken clouds
596,Polson,US,47.6936,-114.1632,60.42,59,100,18.99,overcast clouds
597,Ketchikan,US,55.3422,-131.6461,37.87,70,75,12.66,light rain
598,Necochea,AR,-38.5473,-58.7368,65.03,59,0,15.48,clear sky
599,Benalla,AU,-36.55,145.9833,86.99,42,0,6.42,clear sky
600,Eureka,US,40.8021,-124.1637,61.18,80,50,1.99,scattered clouds
601,Batagay,RU,67.6333,134.6333,-42.68,100,97,0.67,overcast clouds
602,Les Cayes,HT,18.2,-73.75,76.64,80,49,3.91,scattered clouds
603,Havelock,US,34.8791,-76.9013,56.95,87,31,6.71,scattered clouds
604,Gra Liyia,GR,35.0167,25.6833,53.78,66,1,1.99,clear sky
605,Genc,TR,38.7507,40.5603,36.01,80,22,3.4,few clouds
606,Poum,NC,-20.2333,164.0167,81.99,75,15,12.28,few clouds
607,Isla Mujeres,MX,21.2311,-86.731,71.65,82,22,7.18,few clouds
608,Puerto Rico,AR,-26.796,-55.024,68.86,63,2,1.48,light rain
609,Kirakira,SB,-10.4544,161.9205,84.58,72,62,4.21,broken clouds
610,Buraydah,SA,26.326,43.975,57.65,22,46,11.48,scattered clouds
611,Le Port,RE,-20.9373,55.2919,73.4,71,42,1.3,scattered clouds
612,Altamont,US,42.2068,-121.7372,55.4,63,1,1.99,clear sky
613,Sobolevo,RU,54.4299,31.8996,20.79,95,100,6.4,overcast clouds
614,Savelugu,GH,9.6244,-0.8253,80.82,17,77,5.26,broken clouds
615,Saint-Augustin,CA,51.226,-58.6502,14.2,92,73,2.73,broken clouds
616,Ingham,US,42.6,-84.3833,41.31,88,90,10.36,overcast clouds
617,Cherdyn,RU,60.403,56.4787,32.04,99,100,4.45,snow
618,Jardim,BR,-21.4803,-56.1381,82.22,51,73,2.59,broken clouds
619,Keelung,TW,25.1283,121.7419,62.74,69,88,11.52,overcast clouds
620,Pauini,BR,-7.7136,-66.9764,74.26,99,83,2.84,broken clouds
621,Labuhan,ID,-6.8844,112.2051,80.22,79,98,5.06,overcast clouds
622,Lamu,KE,-2.2717,40.902,80.82,80,36,7.25,light rain
623,Nagaur,IN,27.2,73.7333,65.46,28,100,5.03,overcast clouds
624,Angoche,MZ,-16.2325,39.9086,77.38,88,2,5.82,clear sky
625,Termini Imerese,IT,37.9837,13.6956,57.18,67,28,9.69,scattered clouds
626,Hit,IQ,33.6416,42.8251,60.8,59,26,11.63,scattered clouds
627,Tarko-Sale,RU,64.9225,77.785,5.52,96,100,9.93,overcast clouds
628,Kukushtan,RU,57.6464,56.4952,33.42,98,100,8.21,overcast clouds
629,Windhoek,NA,-22.5594,17.0832,71.8,15,100,2.3,overcast clouds
630,Gat,IL,31.61,34.7642,63.09,100,89,12.37,overcast clouds
631,Ambilobe,MG,-13.2,49.05,73.78,76,9,2.82,clear sky
632,Jiangkou,CN,25.4872,119.1986,51.69,63,1,8.68,clear sky
633,Grindavik,IS,63.8424,-22.4338,36.07,93,90,31.07,sleet
634,Virginia Beach,US,36.8529,-75.978,50.09,68,75,0.0,broken clouds
635,Sydney,AU,-33.8679,151.2073,80.8,70,40,10.0,scattered clouds
636,Gijon,ES,43.5357,-5.6615,52.45,87,97,1.99,overcast clouds
637,Guiratinga,BR,-16.3494,-53.7583,73.51,90,60,0.87,broken clouds
638,Kurilsk,RU,45.2333,147.8833,33.4,78,44,32.39,light snow
639,Copiapo,CL,-27.3667,-70.3333,55.09,49,1,4.63,clear sky
640,Winslow,US,35.0242,-110.6974,55.58,29,1,3.44,clear sky
641,Thomasville,US,35.8826,-80.082,56.44,67,100,4.61,overcast clouds
642,Rastolita,RO,46.9726,24.9929,40.53,100,100,1.23,overcast clouds
643,Nyurba,RU,63.2842,118.3319,-21.1,97,100,2.39,overcast clouds
644,Suntar,RU,62.1444,117.6319,-16.74,95,100,4.79,overcast clouds
645,Uglovskoye,RU,51.3557,80.1942,21.51,75,1,10.07,clear sky
646,Ferrol,ES,43.4832,-8.2369,52.57,87,100,22.84,overcast clouds
647,Plouzane,FR,48.3833,-4.6167,46.58,68,75,16.11,broken clouds
648,General Roca,AR,-39.0333,-67.5833,77.63,13,78,24.87,broken clouds
649,Nelson Bay,AU,-32.7167,152.15,77.09,72,32,4.0,scattered clouds
650,Sarkand,KZ,45.41,79.9186,32.79,61,90,7.85,overcast clouds
651,Yokadouma,CM,3.5167,15.05,70.2,92,99,1.19,overcast clouds
652,Lithgow,AU,-33.4833,150.15,72.48,48,0,3.85,clear sky
653,Strangnas,SE,59.3774,17.0312,31.3,74,100,10.83,overcast clouds
654,Bilma,NE,18.6853,12.9164,68.38,16,4,6.51,clear sky
655,Arman,RU,59.7,150.1667,0.99,98,100,17.56,snow
656,Langres,FR,47.8333,5.3333,39.2,91,84,11.56,broken clouds
657,Ilongero,TZ,-4.6667,34.8667,62.87,80,47,8.72,scattered clouds
658,Tilichiki,RU,60.4667,166.1,7.7,93,100,9.95,light snow
659,Sivaki,RU,52.6333,126.75,3.72,81,100,4.0,overcast clouds
660,Todos Santos,MX,23.45,-110.2167,82.0,68,59,5.91,broken clouds
661,Tezu,IN,27.9167,96.1667,61.92,53,98,3.65,overcast clouds
662,Flagstaff,US,35.1981,-111.6513,56.86,23,1,3.44,clear sky
663,Tuam,IE,53.5167,-8.85,43.57,76,87,11.72,overcast clouds
664,Kangaatsiaq,GL,68.3065,-53.4641,33.15,91,100,18.03,overcast clouds
665,Nuevo Imperial,PE,-13.0754,-76.3172,66.65,82,98,3.74,overcast clouds
666,Taoudenni,ML,22.6783,-3.9836,67.78,15,95,11.92,overcast clouds
667,Tharad,IN,24.3961,71.6267,68.09,54,100,8.46,overcast clouds
668,Mezhdurechenskiy,RU,59.6,65.9333,36.39,86,100,14.7,overcast clouds
669,Heyang,CN,26.1011,107.473,44.94,75,100,3.18,overcast clouds
670,Burgeo,CA,47.6167,-57.6152,35.35,82,99,6.96,overcast clouds
671,Villa Carlos Paz,AR,-31.4241,-64.4978,72.9,37,36,1.99,scattered clouds
672,Chimbote,PE,-9.0853,-78.5783,65.57,87,41,6.98,scattered clouds
673,Aksha,RU,50.2814,113.2867,16.09,63,33,19.3,scattered clouds
674,Wilkie,CA,52.4168,-108.7014,37.78,69,100,14.14,overcast clouds
675,Ondjiva,AO,-17.0667,15.7333,73.45,58,100,5.41,overcast clouds
676,Xining,CN,36.6167,101.7667,19.45,53,46,3.18,scattered clouds
677,Saint-Denis,FR,48.9167,2.3333,43.14,91,90,4.0,overcast clouds
678,Labrea,BR,-7.2586,-64.7981,74.61,99,100,1.32,overcast clouds
679,Nouna,BF,12.7333,-3.8667,77.79,17,10,6.96,clear sky
680,Lazaro Cardenas,MX,17.9583,-102.2,80.17,78,32,5.3,scattered clouds
681,Nanuque,BR,-17.8392,-40.3539,74.84,82,76,4.36,broken clouds
682,Sokoni,TZ,-6.4333,39.55,80.83,75,17,10.92,few clouds
683,Daru,PG,-9.0763,143.2092,84.45,74,89,5.68,overcast clouds
684,Mount Gambier,AU,-37.8333,140.7667,60.71,82,90,11.5,overcast clouds
685,Lagos,NG,6.5833,3.75,79.07,87,56,4.68,broken clouds
686,Excelsior Springs,US,39.3392,-94.2261,58.93,52,1,0.0,clear sky
687,Duma,CN,34.7653,108.135,26.62,34,6,5.68,clear sky
688,Tateyama,JP,34.9833,139.8667,55.67,48,2,10.22,clear sky
689,Kokoda,PG,-8.8785,147.7407,87.87,60,93,4.65,overcast clouds
690,Kyaikkami,MM,16.08,97.5675,74.89,69,100,7.94,overcast clouds
691,Thinadhoo,MV,0.5333,72.9333,81.39,77,100,6.73,overcast clouds
